<?xml version="1.0"?>
<!DOCTYPE hibernate-mapping PUBLIC "-//Hibernate/Hibernate Mapping DTD 3.0//EN"
"http://www.hibernate.org/dtd/hibernate-mapping-3.0.dtd">
<!-- Generated May 22, 2016 3:15:17 PM by Hibernate Tools 4.0.0.Final -->
<hibernate-mapping>
    <class name="POJO_entities.BaseProductImages" table="base_product_images" catalog="qlquanan">
        <id name="id" type="java.lang.Long">
            <column name="Id" />
            <generator class="identity" />
        </id>
        <property name="productId" type="long">
            <column name="ProductId" not-null="true" />
        </property>
        <property name="imageId" type="java.lang.Long">
            <column name="ImageId" />
        </property>
        <property name="isDeleted" type="java.lang.Boolean">
            <column name="IsDeleted" />
        </property>
        <property name="deletedUser" type="java.lang.Integer">
            <column name="DeletedUser" />
        </property>
        <property name="deletedDate" type="timestamp">
            <column name="DeletedDate" length="19" />
        </property>
    </class>
</hibernate-mapping>
