<?xml version="1.0"?>
<!DOCTYPE hibernate-mapping PUBLIC "-//Hibernate/Hibernate Mapping DTD 3.0//EN"
"http://www.hibernate.org/dtd/hibernate-mapping-3.0.dtd">
<!-- Generated May 22, 2016 3:15:17 PM by Hibernate Tools 4.0.0.Final -->
<hibernate-mapping>
    <class name="POJO_entities.BaseCategory" table="base_category" catalog="qlquanan">
        <id name="categoryId" type="java.lang.Long">
            <column name="CategoryID" />
            <generator class="identity" />
        </id>
        <property name="categoryName" type="string">
            <column name="CategoryName" length="200" not-null="true">
                <comment>T&#234;n ng&#224;nh h&#224;ng</comment>
            </column>
        </property>
        <property name="parentCategoryId" type="long">
            <column name="ParentCategoryID" not-null="true">
                <comment>M? ng&#224;nh h&#224;ng cha</comment>
            </column>
        </property>
        <property name="level" type="int">
            <column name="Level" not-null="true">
                <comment>C?p c?a ng&#224;nh h&#224;ng (Ng&#224;nh h&#224;ng cao nh?t c&#243; c?p 0, c?p con = c?p cha + 1)</comment>
            </column>
        </property>
        <property name="description" type="string">
            <column name="Description" length="2000">
                <comment>M&#244; t?</comment>
            </column>
        </property>
        <property name="isActived" type="boolean">
            <column name="IsActived" not-null="true">
                <comment>&#208;? k&#237;ch ho?t (S?n d&#249;ng)</comment>
            </column>
        </property>
        <property name="createdDate" type="timestamp">
            <column name="CreatedDate" length="19" not-null="true">
                <comment>Ng&#224;y t?o</comment>
            </column>
        </property>
        <property name="createdUser" type="int">
            <column name="CreatedUser" not-null="true">
                <comment>Ng&#253;?i t?o</comment>
            </column>
        </property>
        <property name="updatedDate" type="timestamp">
            <column name="UpdatedDate" length="19">
                <comment>Ng&#224;y c?p nh?t cu?i</comment>
            </column>
        </property>
        <property name="updatedUser" type="java.lang.Integer">
            <column name="UpdatedUser">
                <comment>Ng&#253;?i c?p nh?t cu?i</comment>
            </column>
        </property>
        <property name="isDeleted" type="boolean">
            <column name="IsDeleted" not-null="true">
                <comment>&#208;? x&#243;a</comment>
            </column>
        </property>
        <property name="deletedDate" type="timestamp">
            <column name="DeletedDate" length="19">
                <comment>Ng&#224;y x&#243;a</comment>
            </column>
        </property>
        <property name="deletedUser" type="java.lang.Integer">
            <column name="DeletedUser">
                <comment>Ng&#253;?i x&#243;a</comment>
            </column>
        </property>
    </class>
</hibernate-mapping>
