<?xml version="1.0"?>
<!DOCTYPE hibernate-mapping PUBLIC "-//Hibernate/Hibernate Mapping DTD 3.0//EN"
"http://www.hibernate.org/dtd/hibernate-mapping-3.0.dtd">
<!-- Generated May 22, 2016 3:15:17 PM by Hibernate Tools 4.0.0.Final -->
<hibernate-mapping>
    <class name="POJO_entities.BaseProduct" table="base_product" catalog="qlquanan">
        <id name="productId" type="java.lang.Long">
            <column name="ProductId" />
            <generator class="identity" />
        </id>
        <property name="barCode" type="string">
            <column name="BarCode" length="32" not-null="true" />
        </property>
        <property name="productName" type="string">
            <column name="ProductName" length="500" not-null="true" />
        </property>
        <property name="categoryId" type="java.lang.Long">
            <column name="CategoryID" />
        </property>
        <property name="isActived" type="boolean">
            <column name="IsActived" not-null="true" />
        </property>
        <property name="retailPrice" type="big_decimal">
            <column name="RetailPrice" scale="4" not-null="true" />
        </property>
        <property name="qtyAvailable" type="big_decimal">
            <column name="QtyAvailable" precision="20" scale="4" not-null="true" />
        </property>
        <property name="imageId" type="java.lang.Long">
            <column name="ImageId" />
        </property>
        <property name="createdDate" type="timestamp">
            <column name="CreatedDate" length="19" />
        </property>
        <property name="createdUser" type="java.lang.Integer">
            <column name="CreatedUser" />
        </property>
        <property name="updatedDate" type="timestamp">
            <column name="UpdatedDate" length="19" />
        </property>
        <property name="updatedUser" type="java.lang.Integer">
            <column name="UpdatedUser" />
        </property>
        <property name="deletedDate" type="timestamp">
            <column name="DeletedDate" length="19" />
        </property>
        <property name="deletedUser" type="java.lang.Integer">
            <column name="DeletedUser" />
        </property>
        <property name="isDeleted" type="boolean">
            <column name="IsDeleted" not-null="true" />
        </property>
        <set name="invStockcards" table="inv_stockcard" inverse="true" lazy="true" fetch="select">
            <key>
                <column name="ProductItemID" not-null="true" />
            </key>
            <one-to-many class="POJO_entities.InvStockcard" />
        </set>
        <set name="soSaleorderDetails" table="so_saleorder_detail" inverse="true" lazy="true" fetch="select">
            <key>
                <column name="ProductId" not-null="true" />
            </key>
            <one-to-many class="POJO_entities.SoSaleorderDetail" />
        </set>
        <set name="baseInventories" table="base_inventory" inverse="true" lazy="true" fetch="select">
            <key>
                <column name="ProductId" not-null="true" />
            </key>
            <one-to-many class="POJO_entities.BaseInventory" />
        </set>
    </class>
</hibernate-mapping>
