<?xml version="1.0"?>
<!DOCTYPE hibernate-mapping PUBLIC "-//Hibernate/Hibernate Mapping DTD 3.0//EN"
"http://www.hibernate.org/dtd/hibernate-mapping-3.0.dtd">
<!-- Generated May 22, 2016 3:15:17 PM by Hibernate Tools 4.0.0.Final -->
<hibernate-mapping>
    <class name="POJO_entities.InvStockcard" table="inv_stockcard" catalog="qlquanan">
        <id name="id" type="java.lang.Long">
            <column name="ID" />
            <generator class="identity" />
        </id>
        <many-to-one name="baseProduct" class="POJO_entities.BaseProduct" fetch="select">
            <column name="ProductItemID" not-null="true" />
        </many-to-one>
        <property name="action" type="string">
            <column name="Action" not-null="true" />
        </property>
        <property name="referenceCode" type="string">
            <column name="ReferenceCode" length="20" not-null="true" />
        </property>
        <property name="qtyTransacted" type="big_decimal">
            <column name="QtyTransacted" precision="20" scale="4" not-null="true" />
        </property>
        <property name="qtyAvailable" type="big_decimal">
            <column name="QtyAvailable" precision="20" scale="4" not-null="true" />
        </property>
        <property name="cogs" type="big_decimal">
            <column name="COGS" scale="4" not-null="true" />
        </property>
        <property name="comment" type="string">
            <column name="Comment" length="500" />
        </property>
        <property name="createdUser" type="int">
            <column name="CreatedUser" not-null="true" />
        </property>
        <property name="createdDate" type="timestamp">
            <column name="CreatedDate" length="19" />
        </property>
        <property name="updatedDate" type="timestamp">
            <column name="UpdatedDate" length="19" />
        </property>
        <property name="updatedUser" type="java.lang.Integer">
            <column name="UpdatedUser" />
        </property>
        <property name="isDeleted" type="boolean">
            <column name="IsDeleted" not-null="true" />
        </property>
        <property name="deletedNote" type="string">
            <column name="DeletedNote" length="200" />
        </property>
        <property name="deletedDate" type="timestamp">
            <column name="DeletedDate" length="19" />
        </property>
        <property name="deletedUser" type="java.lang.Integer">
            <column name="DeletedUser" />
        </property>
        <property name="companyId" type="int">
            <column name="CompanyID" not-null="true" />
        </property>
        <property name="price" type="big_decimal">
            <column name="Price" scale="4" not-null="true" />
        </property>
        <property name="unitPrice" type="big_decimal">
            <column name="UnitPrice" scale="4" not-null="true" />
        </property>
        <property name="priceWithFee" type="big_decimal">
            <column name="PriceWithFee" scale="4" not-null="true" />
        </property>
    </class>
</hibernate-mapping>
