<?xml version="1.0"?>
<!DOCTYPE hibernate-mapping PUBLIC "-//Hibernate/Hibernate Mapping DTD 3.0//EN"
"http://www.hibernate.org/dtd/hibernate-mapping-3.0.dtd">
<!-- Generated May 22, 2016 3:15:17 PM by Hibernate Tools 4.0.0.Final -->
<hibernate-mapping>
    <class name="POJO_entities.SchUserWorkshift" table="sch_user_workshift" catalog="qlquanan">
        <id name="id" type="long">
            <column name="Id" />
            <generator class="assigned" />
        </id>
        <many-to-one name="systemUser" class="POJO_entities.SystemUser" fetch="select">
            <column name="UserId" not-null="true" />
        </many-to-one>
        <many-to-one name="schWorkshift" class="POJO_entities.SchWorkshift" fetch="select">
            <column name="WorkShiftId" not-null="true" />
        </many-to-one>
        <property name="workDate" type="timestamp">
            <column name="WorkDate" length="19" not-null="true" />
        </property>
        <property name="isPresence" type="short">
            <column name="IsPresence" not-null="true" />
        </property>
        <property name="presentTime" type="timestamp">
            <column name="PresentTime" length="19" not-null="true" />
        </property>
        <property name="isDeleted" type="boolean">
            <column name="IsDeleted" not-null="true" />
        </property>
        <property name="isConfirm" type="boolean">
            <column name="IsConfirm" not-null="true" />
        </property>
    </class>
</hibernate-mapping>
