<?xml version="1.0"?>
<!DOCTYPE hibernate-mapping PUBLIC "-//Hibernate/Hibernate Mapping DTD 3.0//EN"
"http://www.hibernate.org/dtd/hibernate-mapping-3.0.dtd">
<!-- Generated May 22, 2016 3:15:17 PM by Hibernate Tools 4.0.0.Final -->
<hibernate-mapping>
    <class name="POJO_entities.SchWorkshift" table="sch_workshift" catalog="qlquanan">
        <id name="id" type="long">
            <column name="Id" />
            <generator class="assigned" />
        </id>
        <property name="scheduleName" type="string">
            <column name="ScheduleName" length="511" />
        </property>
        <property name="startDate" type="timestamp">
            <column name="StartDate" length="19" not-null="true" />
        </property>
        <property name="toDate" type="timestamp">
            <column name="ToDate" length="19" not-null="true" />
        </property>
        <property name="isActived" type="boolean">
            <column name="IsActived" not-null="true" />
        </property>
        <property name="isDeleted" type="java.lang.Boolean">
            <column name="IsDeleted" />
        </property>
        <property name="createdDate" type="timestamp">
            <column name="CreatedDate" length="19" not-null="true" />
        </property>
        <property name="createdUser" type="int">
            <column name="CreatedUser" not-null="true" />
        </property>
        <property name="updatedDate" type="timestamp">
            <column name="UpdatedDate" length="19" />
        </property>
        <property name="updatedUser" type="java.lang.Integer">
            <column name="UpdatedUser" />
        </property>
        <property name="deletedDate" type="timestamp">
            <column name="DeletedDate" length="19" />
        </property>
        <property name="deletedUser" type="java.lang.Integer">
            <column name="DeletedUser" />
        </property>
        <set name="schUserWorkshifts" table="sch_user_workshift" inverse="true" lazy="true" fetch="select">
            <key>
                <column name="WorkShiftId" not-null="true" />
            </key>
            <one-to-many class="POJO_entities.SchUserWorkshift" />
        </set>
        <set name="systemSalaries" table="system_salary" inverse="true" lazy="true" fetch="select">
            <key>
                <column name="WorkShiftId" not-null="true" />
            </key>
            <one-to-many class="POJO_entities.SystemSalary" />
        </set>
    </class>
</hibernate-mapping>
