<?xml version="1.0"?>
<!DOCTYPE hibernate-mapping PUBLIC "-//Hibernate/Hibernate Mapping DTD 3.0//EN"
"http://www.hibernate.org/dtd/hibernate-mapping-3.0.dtd">
<!-- Generated May 22, 2016 3:15:17 PM by Hibernate Tools 4.0.0.Final -->
<hibernate-mapping>
    <class name="POJO_entities.SoSaleorder" table="so_saleorder" catalog="qlquanan">
        <id name="saleOrderId" type="java.lang.Long">
            <column name="SaleOrderId" />
            <generator class="identity" />
        </id>
        <property name="saleOrderCode" type="string">
            <column name="SaleOrderCode" length="20" not-null="true" />
        </property>
        <property name="status" type="int">
            <column name="Status" not-null="true">
                <comment>Tr?ng th&#225;i</comment>
            </column>
        </property>
        <property name="customerId" type="long">
            <column name="CustomerId" not-null="true">
                <comment>M? kh&#225;ch h&#224;ng</comment>
            </column>
        </property>
        <property name="tableId" type="long">
            <column name="TableId" not-null="true" />
        </property>
        <property name="saleUser" type="java.lang.Integer">
            <column name="SaleUser" />
        </property>
        <property name="saleDate" type="timestamp">
            <column name="SaleDate" length="19">
                <comment>Ng&#224;y xu?t</comment>
            </column>
        </property>
        <property name="totalQuantity" type="big_decimal">
            <column name="TotalQuantity" precision="20" scale="4" not-null="true">
                <comment>T?ng s? l&#253;?ng</comment>
            </column>
        </property>
        <property name="subTotal" type="big_decimal">
            <column name="SubTotal" scale="4" not-null="true">
                <comment>T?ng ti?n gi&#225;</comment>
            </column>
        </property>
        <property name="discount" type="big_decimal">
            <column name="Discount" scale="4" not-null="true">
                <comment>Gi?m gi&#225;</comment>
            </column>
        </property>
        <property name="tax" type="big_decimal">
            <column name="Tax" scale="4">
                <comment>Thu? VAT</comment>
            </column>
        </property>
        <property name="total" type="big_decimal">
            <column name="Total" scale="4" not-null="true">
                <comment>T?ng ti?n (c?ng thu? v&#224; tr? gi?m gi&#225;)</comment>
            </column>
        </property>
        <property name="amountPaid" type="big_decimal">
            <column name="AmountPaid" scale="4" not-null="true">
                <comment>Ti?n &#240;? tr?</comment>
            </column>
        </property>
        <property name="paymentBalance" type="big_decimal">
            <column name="PaymentBalance" scale="4" not-null="true">
                <comment>Ti?n c?n l?i</comment>
            </column>
        </property>
        <property name="createdDate" type="timestamp">
            <column name="CreatedDate" length="19" not-null="true">
                <comment>Ng&#224;y t?o</comment>
            </column>
        </property>
        <property name="createdUser" type="int">
            <column name="CreatedUser" not-null="true">
                <comment>Ng&#253;?i t?o</comment>
            </column>
        </property>
        <property name="updatedDate" type="timestamp">
            <column name="UpdatedDate" length="19">
                <comment>Ng&#224;y c?p nh?t cu?i</comment>
            </column>
        </property>
        <property name="updatedUser" type="java.lang.Integer">
            <column name="UpdatedUser">
                <comment>Ng&#253;?i c?p nh?t cu?i</comment>
            </column>
        </property>
        <property name="isDeleted" type="boolean">
            <column name="IsDeleted" not-null="true">
                <comment>&#208;? x&#243;a</comment>
            </column>
        </property>
        <property name="deletedNote" type="string">
            <column name="DeletedNote" length="200">
                <comment>Ghi ch&#250; x&#243;a</comment>
            </column>
        </property>
        <property name="deletedDate" type="timestamp">
            <column name="DeletedDate" length="19">
                <comment>Ng&#224;y x&#243;a</comment>
            </column>
        </property>
        <property name="deletedUser" type="java.lang.Integer">
            <column name="DeletedUser">
                <comment>Ng&#253;?i x&#243;a</comment>
            </column>
        </property>
        <property name="comment" type="string">
            <column name="Comment" length="2000" />
        </property>
        <set name="soSaleorderReceiptvouchers" table="so_saleorder_receiptvoucher" inverse="true" lazy="true" fetch="select">
            <key>
                <column name="SaleOrderID" not-null="true" />
            </key>
            <one-to-many class="POJO_entities.SoSaleorderReceiptvoucher" />
        </set>
        <set name="soSaleorderDetails" table="so_saleorder_detail" inverse="true" lazy="true" fetch="select">
            <key>
                <column name="SaleOrderId" not-null="true" />
            </key>
            <one-to-many class="POJO_entities.SoSaleorderDetail" />
        </set>
    </class>
</hibernate-mapping>
