<?xml version="1.0"?>
<!DOCTYPE hibernate-mapping PUBLIC "-//Hibernate/Hibernate Mapping DTD 3.0//EN"
"http://www.hibernate.org/dtd/hibernate-mapping-3.0.dtd">
<!-- Generated May 22, 2016 3:15:17 PM by Hibernate Tools 4.0.0.Final -->
<hibernate-mapping>
    <class name="POJO_entities.SoSaleorderDetail" table="so_saleorder_detail" catalog="qlquanan">
        <id name="id" type="java.lang.Long">
            <column name="ID" />
            <generator class="identity" />
        </id>
        <many-to-one name="soSaleorder" class="POJO_entities.SoSaleorder" fetch="select">
            <column name="SaleOrderId" not-null="true" />
        </many-to-one>
        <many-to-one name="baseProduct" class="POJO_entities.BaseProduct" fetch="select">
            <column name="ProductId" not-null="true" />
        </many-to-one>
        <property name="subTotal" type="big_decimal">
            <column name="SubTotal" scale="4" not-null="true" />
        </property>
        <property name="discount" type="big_decimal">
            <column name="Discount" scale="4" not-null="true" />
        </property>
        <property name="discountIsPercent" type="boolean">
            <column name="DiscountIsPercent" not-null="true" />
        </property>
        <property name="quantity" type="big_decimal">
            <column name="Quantity" precision="20" scale="4" not-null="true" />
        </property>
        <property name="unitPrice" type="big_decimal">
            <column name="UnitPrice" scale="4" not-null="true" />
        </property>
        <property name="createdDate" type="timestamp">
            <column name="CreatedDate" length="19" not-null="true" />
        </property>
        <property name="createdUser" type="int">
            <column name="CreatedUser" not-null="true" />
        </property>
        <property name="updatedDate" type="timestamp">
            <column name="UpdatedDate" length="19" />
        </property>
        <property name="updatedUser" type="java.lang.Integer">
            <column name="UpdatedUser" />
        </property>
        <property name="isDeleted" type="boolean">
            <column name="IsDeleted" not-null="true" />
        </property>
        <property name="deletedNote" type="string">
            <column name="DeletedNote" length="511" />
        </property>
        <property name="deletedDate" type="timestamp">
            <column name="DeletedDate" length="19" />
        </property>
        <property name="deletedUser" type="java.lang.Integer">
            <column name="DeletedUser" />
        </property>
    </class>
</hibernate-mapping>
