<?xml version="1.0"?>
<!DOCTYPE hibernate-mapping PUBLIC "-//Hibernate/Hibernate Mapping DTD 3.0//EN"
"http://www.hibernate.org/dtd/hibernate-mapping-3.0.dtd">
<!-- Generated May 22, 2016 3:15:17 PM by Hibernate Tools 4.0.0.Final -->
<hibernate-mapping>
    <class name="POJO_entities.SystemGroupRolelist" table="system_group_rolelist" catalog="qlquanan">
        <id name="id" type="java.lang.Long">
            <column name="Id" />
            <generator class="identity" />
        </id>
        <many-to-one name="systemRolelist" class="POJO_entities.SystemRolelist" fetch="select">
            <column name="RoleListId" not-null="true" />
        </many-to-one>
        <many-to-one name="systemGroup" class="POJO_entities.SystemGroup" fetch="select">
            <column name="GroupId" not-null="true" />
        </many-to-one>
        <property name="isDeleted" type="boolean">
            <column name="IsDeleted" not-null="true" />
        </property>
    </class>
</hibernate-mapping>
