<?xml version="1.0"?>
<!DOCTYPE hibernate-mapping PUBLIC "-//Hibernate/Hibernate Mapping DTD 3.0//EN"
"http://www.hibernate.org/dtd/hibernate-mapping-3.0.dtd">
<!-- Generated May 22, 2016 3:15:17 PM by Hibernate Tools 4.0.0.Final -->
<hibernate-mapping>
    <class name="POJO_entities.SystemUserAccount" table="system_user_account" catalog="qlquanan">
        <id name="id" type="long">
            <column name="Id" />
            <generator class="assigned" />
        </id>
        <property name="username" type="string">
            <column name="Username" length="100" not-null="true" />
        </property>
        <property name="password" type="string">
            <column name="Password" length="100" not-null="true" />
        </property>
        <property name="groupId" type="long">
            <column name="GroupId" not-null="true" />
        </property>
        <property name="isDeleted" type="boolean">
            <column name="IsDeleted" not-null="true" />
        </property>
        <property name="isActived" type="boolean">
            <column name="IsActived" not-null="true" />
        </property>
        <property name="createdDate" type="timestamp">
            <column name="CreatedDate" length="19" not-null="true" />
        </property>
        <property name="createdUser" type="int">
            <column name="CreatedUser" not-null="true" />
        </property>
        <property name="updatedDate" type="timestamp">
            <column name="UpdatedDate" length="19" />
        </property>
        <property name="updatedUser" type="java.lang.Integer">
            <column name="UpdatedUser" />
        </property>
        <property name="deletedDate" type="timestamp">
            <column name="DeletedDate" length="19" />
        </property>
        <property name="deletedUser" type="java.lang.Integer">
            <column name="DeletedUser" />
        </property>
        <set name="systemUsers" table="system_user" inverse="true" lazy="true" fetch="select">
            <key>
                <column name="UserId" not-null="true" unique="true" />
            </key>
            <one-to-many class="POJO_entities.SystemUser" />
        </set>
    </class>
</hibernate-mapping>
