<?xml version="1.0"?>
<!DOCTYPE hibernate-mapping PUBLIC "-//Hibernate/Hibernate Mapping DTD 3.0//EN"
"http://www.hibernate.org/dtd/hibernate-mapping-3.0.dtd">
<!-- Generated May 22, 2016 3:15:17 PM by Hibernate Tools 4.0.0.Final -->
<hibernate-mapping>
    <class name="POJO_entities.SystemRolelist" table="system_rolelist" catalog="qlquanan">
        <id name="id" type="java.lang.Long">
            <column name="Id" />
            <generator class="identity" />
        </id>
        <property name="key" type="string">
            <column name="Key" length="511" not-null="true" />
        </property>
        <property name="value" type="string">
            <column name="Value" not-null="true" />
        </property>
        <property name="isDeleted" type="boolean">
            <column name="IsDeleted" not-null="true" />
        </property>
        <set name="systemGroupRolelists" table="system_group_rolelist" inverse="true" lazy="true" fetch="select">
            <key>
                <column name="RoleListId" not-null="true" />
            </key>
            <one-to-many class="POJO_entities.SystemGroupRolelist" />
        </set>
    </class>
</hibernate-mapping>
