<?xml version="1.0"?>
<!DOCTYPE hibernate-mapping PUBLIC "-//Hibernate/Hibernate Mapping DTD 3.0//EN"
"http://www.hibernate.org/dtd/hibernate-mapping-3.0.dtd">
<!-- Generated May 22, 2016 3:15:17 PM by Hibernate Tools 4.0.0.Final -->
<hibernate-mapping>
    <class name="POJO_entities.SystemPrinttemplate" table="system_printtemplate" catalog="qlquanan">
        <id name="id" type="java.lang.Integer">
            <column name="Id" />
            <generator class="identity" />
        </id>
        <property name="code" type="string">
            <column name="Code" length="20" not-null="true" />
        </property>
        <property name="name" type="string">
            <column name="Name" length="100" not-null="true" />
        </property>
        <property name="type" type="int">
            <column name="Type" not-null="true" />
        </property>
        <property name="content" type="string">
            <column name="Content" not-null="true" />
        </property>
        <property name="isSelected" type="boolean">
            <column name="IsSelected" not-null="true" />
        </property>
        <property name="createdDate" type="timestamp">
            <column name="CreatedDate" length="19" not-null="true" />
        </property>
        <property name="createdUser" type="int">
            <column name="CreatedUser" not-null="true" />
        </property>
        <property name="updatedDate" type="timestamp">
            <column name="UpdatedDate" length="19" />
        </property>
        <property name="updatedUser" type="java.lang.Integer">
            <column name="UpdatedUser" />
        </property>
        <property name="deletedDate" type="timestamp">
            <column name="DeletedDate" length="19" />
        </property>
        <property name="deletedUser" type="java.lang.Integer">
            <column name="DeletedUser" />
        </property>
        <property name="companyId" type="int">
            <column name="CompanyId" not-null="true" />
        </property>
        <property name="isDeleted" type="boolean">
            <column name="IsDeleted" not-null="true" />
        </property>
    </class>
</hibernate-mapping>
