<?xml version="1.0"?>
<!DOCTYPE hibernate-mapping PUBLIC "-//Hibernate/Hibernate Mapping DTD 3.0//EN"
"http://www.hibernate.org/dtd/hibernate-mapping-3.0.dtd">
<!-- Generated May 22, 2016 3:15:17 PM by Hibernate Tools 4.0.0.Final -->
<hibernate-mapping>
    <class name="POJO_entities.SystemUser" table="system_user" catalog="qlquanan">
        <id name="id" type="java.lang.Long">
            <column name="Id" />
            <generator class="identity" />
        </id>
        <many-to-one name="systemUserAccount" class="POJO_entities.SystemUserAccount" fetch="select">
            <column name="UserId" not-null="true" unique="true" />
        </many-to-one>
        <property name="fullname" type="string">
            <column name="Fullname" length="200" />
        </property>
        <property name="birthday" type="timestamp">
            <column name="Birthday" length="19" />
        </property>
        <property name="address" type="string">
            <column name="Address" length="500" />
        </property>
        <property name="phone" type="string">
            <column name="Phone" length="20" />
        </property>
        <property name="indentityNumber" type="string">
            <column name="IndentityNumber" length="20" />
        </property>
        <property name="createdUser" type="int">
            <column name="CreatedUser" not-null="true" />
        </property>
        <property name="createDate" type="timestamp">
            <column name="CreateDate" length="19" not-null="true" />
        </property>
        <property name="updateUser" type="java.lang.Integer">
            <column name="UpdateUser" />
        </property>
        <property name="updateDate" type="timestamp">
            <column name="UpdateDate" length="19" />
        </property>
        <property name="deletedUser" type="java.lang.Integer">
            <column name="DeletedUser" />
        </property>
        <property name="deletedDate" type="timestamp">
            <column name="DeletedDate" length="19" />
        </property>
        <property name="isDeleted" type="int">
            <column name="IsDeleted" not-null="true" />
        </property>
        <set name="schUserWorkshifts" table="sch_user_workshift" inverse="true" lazy="true" fetch="select">
            <key>
                <column name="UserId" not-null="true" />
            </key>
            <one-to-many class="POJO_entities.SchUserWorkshift" />
        </set>
        <set name="tblUserTools" table="tbl_user_tool" inverse="true" lazy="true" fetch="select">
            <key>
                <column name="UserId" not-null="true" />
            </key>
            <one-to-many class="POJO_entities.TblUserTool" />
        </set>
    </class>
</hibernate-mapping>
