<?xml version="1.0"?>
<!DOCTYPE hibernate-mapping PUBLIC "-//Hibernate/Hibernate Mapping DTD 3.0//EN"
"http://www.hibernate.org/dtd/hibernate-mapping-3.0.dtd">
<!-- Generated May 22, 2016 3:15:17 PM by Hibernate Tools 4.0.0.Final -->
<hibernate-mapping>
    <class name="POJO_entities.TblTables" table="tbl_tables" catalog="qlquanan">
        <id name="id" type="long">
            <column name="Id" />
            <generator class="assigned" />
        </id>
        <property name="name" type="string">
            <column name="Name" length="100" not-null="true" />
        </property>
        <property name="description" type="string">
            <column name="Description" />
        </property>
        <property name="status" type="short">
            <column name="Status" not-null="true" />
        </property>
        <property name="maxCustomer" type="short">
            <column name="MaxCustomer" not-null="true" />
        </property>
        <property name="isDeleted" type="boolean">
            <column name="IsDeleted" not-null="true" />
        </property>
    </class>
</hibernate-mapping>
