<?xml version="1.0" encoding="UTF-8"?>
<!DOCTYPE hibernate-reverse-engineering PUBLIC "-//Hibernate/Hibernate Reverse Engineering DTD 3.0//EN" "http://hibernate.sourceforge.net/hibernate-reverse-engineering-3.0.dtd" >

<hibernate-reverse-engineering>
  <table-filter match-catalog="qlquanan" match-name="base_category"/>
  <table-filter match-catalog="qlquanan" match-name="base_inventory"/>
  <table-filter match-catalog="qlquanan" match-name="base_product"/>
  <table-filter match-catalog="qlquanan" match-name="base_product_images"/>
  <table-filter match-catalog="qlquanan" match-name="cus_customers"/>
  <table-filter match-catalog="qlquanan" match-name="inv_stockcard"/>
  <table-filter match-catalog="qlquanan" match-name="sch_user_workshift"/>
  <table-filter match-catalog="qlquanan" match-name="sch_workshift"/>
  <table-filter match-catalog="qlquanan" match-name="so_receiptvoucher"/>
  <table-filter match-catalog="qlquanan" match-name="so_saleorder"/>
  <table-filter match-catalog="qlquanan" match-name="so_saleorder_detail"/>
  <table-filter match-catalog="qlquanan" match-name="so_saleorder_receiptvoucher"/>
  <table-filter match-catalog="qlquanan" match-name="sysdiagrams"/>
  <table-filter match-catalog="qlquanan" match-name="system_group"/>
  <table-filter match-catalog="qlquanan" match-name="system_group_rolelist"/>
  <table-filter match-catalog="qlquanan" match-name="system_printtemplate"/>
  <table-filter match-catalog="qlquanan" match-name="system_rolelist"/>
  <table-filter match-catalog="qlquanan" match-name="system_salary"/>
  <table-filter match-catalog="qlquanan" match-name="system_user"/>
  <table-filter match-catalog="qlquanan" match-name="system_user_account"/>
  <table-filter match-catalog="qlquanan" match-name="tbl_tables"/>
  <table-filter match-catalog="qlquanan" match-name="tbl_user_tool"/>
</hibernate-reverse-engineering>